MinSpeed,MaxSpeed,PerceptionRadius,AvoidanceRadius,MaxSteerForce,AlignWeight,CohesionWeight,SeparateWeight,TargetWeight,AvoidCollisionWeight,CollisionAvoidDst
2.435,6.99,6.97,7.09877,4.652283,2.02,2.07,2.07,2.09,1.81,9.67
2.435,6.995,6.965,7.103769,4.662283,2.01,2.065,2.08,2.09,1.795,9.655
2.44,7,6.965,7.11877,4.667284,2.005,2.075,2.08,2.11,1.8,9.66
2.45,7,6.97,7.11877,4.682283,2.005,2.075,2.085,2.115,1.79,9.675
2.455,6.99,6.975,7.13377,4.682283,2.005,2.085,2.09,2.135,1.775,9.685
2.45,7,6.965,7.127779,4.702283,2,2.085,2.08,2.145,1.765,9.675
2.445,7,6.97,7.122779,4.712283,2,2.085,2.07,2.15,1.75,9.65
